fiscal_year,gdp_price_index_fy2017_1,estimate,source
2017,1.0,False,ombdeflators2026_table10_1
2018,1.0222,False,ombdeflators2026_table10_1
2019,1.0409,False,ombdeflators2026_table10_1
2020,1.0546,False,ombdeflators2026_table10_1
2021,1.0905,False,ombdeflators2026_table10_1
2022,1.1676,False,ombdeflators2026_table10_1
2023,1.2216,False,ombdeflators2026_table10_1
2024,1.2526,False,ombdeflators2026_table10_1
2025,1.2856,False,ombdeflators2026_table10_1
2026,1.3233,True,ombdeflators2026_table10_1
2027,1.3504,True,ombdeflators2026_table10_1
