fiscal_year,account,budget_authority_musd,source,note
2017,Science,5762.0,morgan2019_table1,CRS historical budget authority includes adjustments; rounded millions
2017,Exploration,4324.0,morgan2019_table1,CRS historical budget authority includes adjustments; rounded millions
2018,Science,6212.0,morgan2019_table1,CRS historical budget authority includes adjustments; rounded millions
2018,Exploration,4790.0,morgan2019_table1,CRS historical budget authority includes adjustments; rounded millions
2019,Science,6887.0,morganlindbergh2024_table1,CRS historical budget authority includes adjustments; rounded millions
2019,Exploration,5045.0,morganlindbergh2024_table1,CRS historical budget authority includes adjustments; rounded millions
2020,Science,7143.0,morganlindbergh2024_table1,CRS historical budget authority includes adjustments; rounded millions; Science is not adjusted for rescission of 70 million from prior-year unobligated balances
2020,Exploration,5960.0,morganlindbergh2024_table1,CRS historical budget authority includes adjustments; rounded millions; Science is not adjusted for rescission of 70 million from prior-year unobligated balances
2021,Science,7291.0,morganlindbergh2024_table1,CRS historical budget authority includes adjustments; rounded millions; biological and physical sciences moved from Space Operations to Science (79 million)
2021,Exploration,6397.0,morganlindbergh2024_table1,CRS historical budget authority includes adjustments; rounded millions; biological and physical sciences moved from Space Operations to Science (79 million)
2022,Science,7611.0,morganlindbergh2024_table1,CRS historical budget authority includes adjustments; rounded millions
2022,Exploration,6855.0,morganlindbergh2024_table1,CRS historical budget authority includes adjustments; rounded millions
2023,Science,7792.0,morganlindbergh2024_table1,CRS historical budget authority includes adjustments; rounded millions
2023,Exploration,7448.0,morganlindbergh2024_table1,CRS historical budget authority includes adjustments; rounded millions
2024,Science,7334.0,morganlindbergh2024_table1,Enacted budget authority
2024,Exploration,7666.0,morganlindbergh2024_table1,Enacted budget authority
2025,Science,7334.2,nasa2026_BUD1,Enacted budget authority; excludes separately provided multiyear mandatory funding
2025,Exploration,7666.2,nasa2026_BUD1,Enacted budget authority; excludes separately provided multiyear mandatory funding
2026,Science,7250.0,nasa2026_BUD1,Enacted budget authority; excludes separately provided multiyear mandatory funding
2026,Exploration,7783.0,nasa2026_BUD1,Enacted budget authority; excludes separately provided multiyear mandatory funding
