fiscal_year,budget_authority_musd,account,gdp_price_index_fy2017_1,estimate,source,constant_fy2025_musd,real_index_fy2017_100
2017,7472.000000,NSF,1.000000,False,ombdeflators2026_table10_1,9606.003200,100.000000
2018,7767.000000,NSF,1.022200,False,ombdeflators2026_table10_1,9768.396791,101.690543
2019,8075.000000,NSF,1.040900,False,ombdeflators2026_table10_1,9973.311557,103.823738
2020,8210.000000,NSF,1.054600,False,ombdeflators2026_table10_1,10008.321639,104.188198
2021,8487.000000,NSF,1.090500,False,ombdeflators2026_table10_1,10005.398624,104.157769
2022,8838.000000,NSF,1.167600,False,ombdeflators2026_table10_1,9731.186023,101.303173
2023,9877.000000,NSF,1.221600,False,ombdeflators2026_table10_1,10394.459070,108.207949
2024,9060.000000,NSF,1.252600,False,ombdeflators2026_table10_1,9298.687530,96.800796
2025,9060.000000,NSF,1.285600,False,ombdeflators2026_table10_1,9060.000000,94.316021
2026,8750.000000,NSF,1.323300,True,ombdeflators2026_table10_1,8500.717902,88.493807
2017,5762.000000,Science,1.000000,False,ombdeflators2026_table10_1,7407.627200,100.000000
2017,4324.000000,Exploration,1.000000,False,ombdeflators2026_table10_1,5558.934400,100.000000
2018,6212.000000,Science,1.022200,False,ombdeflators2026_table10_1,7812.705146,105.468390
2018,4790.000000,Exploration,1.022200,False,ombdeflators2026_table10_1,6024.284876,108.371217
2019,6887.000000,Science,1.040900,False,ombdeflators2026_table10_1,8506.030550,114.828005
2019,5045.000000,Exploration,1.040900,False,ombdeflators2026_table10_1,6231.003939,112.089899
2020,7143.000000,Science,1.054600,False,ombdeflators2026_table10_1,8707.605538,117.549187
2020,5960.000000,Exploration,1.054600,False,ombdeflators2026_table10_1,7265.480751,130.699163
2021,7291.000000,Science,1.090500,False,ombdeflators2026_table10_1,8595.423751,116.034778
2021,6397.000000,Exploration,1.090500,False,ombdeflators2026_table10_1,7541.479321,135.664118
2022,7611.000000,Science,1.167600,False,ombdeflators2026_table10_1,8380.182939,113.129113
2022,6855.000000,Exploration,1.167600,False,ombdeflators2026_table10_1,7547.780062,135.777462
2023,7792.000000,Science,1.221600,False,ombdeflators2026_table10_1,8200.225278,110.699757
2023,7448.000000,Exploration,1.221600,False,ombdeflators2026_table10_1,7838.203012,141.001898
2024,7334.000000,Science,1.252600,False,ombdeflators2026_table10_1,7527.215711,101.614397
2024,7666.000000,Exploration,1.252600,False,ombdeflators2026_table10_1,7867.962318,141.537240
2025,7334.200000,Science,1.285600,False,ombdeflators2026_table10_1,7334.200000,99.008762
2025,7666.200000,Exploration,1.285600,False,ombdeflators2026_table10_1,7666.200000,137.907726
2026,7250.000000,Science,1.323300,True,ombdeflators2026_table10_1,7043.451976,95.083780
2026,7783.000000,Exploration,1.323300,True,ombdeflators2026_table10_1,7561.267135,136.020082
